User,Date Created,Number of likes,Source of Tweet,Tweet
üå≥üå≤üçäüá®üá± Viviluc. #Aprob√©CC,2022-08-20 17:23:32+00:00,4,Twitter for Android,"Si crees que Marcela Cubillos, hoy en Espa√±a y repartiendo un libro que le financiaron para mentir,  te defiende ..‚Ä¶ https://t.co/z2MCaI7NVj"
üÖ∞Ô∏èndres #hüÖ∞Ô∏èbrüÖ∞Ô∏ènuevüÖ∞Ô∏èconstitucion,2022-08-20 16:27:49+00:00,5,Twitter for iPhone,@mcubillossigall @gabrielboric ojal√° que la marcela cubillos que se divorci√≥ le escriba a la marcela cubillos que e‚Ä¶ https://t.co/lWJ0PHnq1j
La Tercera,2022-08-20 13:50:00+00:00,69,TweetDeck,#LTS√°bado - Protagonistas de la Convenci√≥n | Marcela Cubillos: ‚ÄúLa izquierda se engolosin√≥ con su mayor√≠a y termin√≥‚Ä¶ https://t.co/R6QfiIoUPO
allthuser,2022-08-20 11:09:16+00:00,0,Twitter for iPad,&lt; Marcela Cubillos [ @mcubillossigall ] : ‚ÄúLa izquierda se engolosin√≥ con su mayor√≠a y termin√≥ escribiendo un progr‚Ä¶ https://t.co/nGzF5UPWdI
Pablo Torrejon,2022-08-20 05:30:21+00:00,0,Twitter Web App,@Mister_Wolf_0 Oye pero esta charla la di√≥ ebrio o le hizo un tributo a Marcela Cubillos?
Paula Catena,2022-08-20 02:41:17+00:00,1,Twitter for iPhone,https://t.co/U0SbOvv4tZ
Eugenio,2022-08-20 02:08:20+00:00,3,Twitter for iPhone,Marcela Cubillos: ‚ÄúLa izquierda se engolosin√≥ con su mayor√≠a y termin√≥ escribiendo un programa de gobierno‚Äù - La Te‚Ä¶ https://t.co/3xufTGcicn
Benjm√≠n,2022-08-20 02:07:34+00:00,19,Twitter for iPhone,@difamadores @viejodehisteria @ximerincon La @ximerincon de ahora es la Marcela Cubillos encubierta.
ddalenconeüå≥üá®üá±,2022-08-20 01:13:15+00:00,0,Twitter for Android,@CaminandoSuave Si claro... Esto le cont√≥ Marcela Cubillos? O Moreira? Preg√∫ntele a Cruz Coke lo que dijo de lo que‚Ä¶ https://t.co/gc0jYUsdpw
Octavio Ramirez,2022-08-20 01:12:33+00:00,0,Twitter for Android,"Ahora se conocer√°n muchas mujeres, que har√°n notar su condici√≥n  de capacidad tremenda.
Si han dado cuenta como des‚Ä¶ https://t.co/4KbwzT11t1"
Pablo Vel√°squez,2022-08-20 00:07:32+00:00,0,Twitter for Android,El Rechazo viene haciendo campa√±a hace un a√±o. Cubillos Marcela floje√≥ todo el a√±o. Viene en ca√≠da porque no puedes‚Ä¶ https://t.co/NxcaB0tFkf
Carla Osorio,2022-08-19 23:18:34+00:00,0,Twitter Web App,"@LorenaPizarroS @albertoplaza Boric sali√≥ con una camiseta con Guzm√°n baleado, a Marcela Cubillos le hicieron lo mi‚Ä¶ https://t.co/kZYKAGkV7s"
Profesor Gonzai,2022-08-19 20:21:45+00:00,0,Twitter for iPhone,"En una democracia torcida, que hicieron a medida de la izquierda extrema
Hay convencionales con menos de 100 votos‚Ä¶ https://t.co/GbEisWTxtB"
üÖ∞Ô∏èndres #hüÖ∞Ô∏èbrüÖ∞Ô∏ènuevüÖ∞Ô∏èconstitucion,2022-08-19 17:22:21+00:00,0,Twitter Web App,Me parece estar escuchando a Marcela Cubillos o a cualquier UDI o Republiasno https://t.co/TitDjrQZYb
gusandes,2022-08-19 12:29:23+00:00,0,Twitter Web App,"@apoderadoschile @joseantoniokast @mcubillossigall la marcela cubillos, fue muy chueca y traidora con jak en primer‚Ä¶ https://t.co/baE95rYtYl"
Mat√≠as MellüÖ∞Ô∏è üíê,2022-08-19 03:56:42+00:00,0,Twitter for iPhone,Literalmente es escuchar a Marcela Cubillos sin las eses.
guillermo toro,2022-08-19 01:29:24+00:00,0,Twitter for iPhone,"@cristian_arayal este tipo est√° tan putrefacto como el johannes kaiser, gonzalo de la carrera, jos√© a. kast, rojo e‚Ä¶ https://t.co/YjKb0nNEuA"
Rosa Figueroa Pacheco,2022-08-18 23:25:50+00:00,1,Twitter for iPhone,"@mcubillossigall Las respuestas que ha recibido Marcela Cubillos en este posteo, realmente es alarmante, que manera‚Ä¶ https://t.co/d1PAEcC32F"
Alejandro Bravo,2022-08-18 21:53:53+00:00,0,Twitter for Android,"@diego_ibanezc Esto es tan bajo @carreragonzalo como la funa a Marcela Cubillos en el cementerio general,, no es gr‚Ä¶ https://t.co/pog3piRgeE"
Tom√°s Aylwin A. üíõ,2022-08-18 15:02:48+00:00,5,Twitter Web App,"Adem√°s. S√≥lo dos convencionales obtuvieron m√°s del 20% de los votos...y son Marcela Cubillos y Daniel Stingo.

S√≠..‚Ä¶ https://t.co/rG9Dc4o0Kp"
MarcoMira üå≥,2022-08-18 12:58:35+00:00,0,Twitter for Android,Marcela Cubillos bostezando al despertar https://t.co/UsGrITCEA2
Jorge MolinüÖ∞Ô∏è PelüÖ∞Ô∏èyo,2022-08-17 18:11:07+00:00,0,Twitter for Android,"Porqu√© la derecha hizo desaparecer a Jos√© Kast, Sebasti√°n Pi√±era, Carlos Larrain, Marcela Cubillos, Teresa Marinovi‚Ä¶ https://t.co/mEb5moRz71"
Pibi‚ú®üßâ,2022-08-17 15:46:20+00:00,1,Twitter Web App,"Si ctm, seguro si gana el rechazo vamos a ver a Marcela Cubillos d√°ndose la mano con Soledad Alvear para reformar weas üòÇ"
Camila‚ùÑÔ∏èüíé,2022-08-16 20:28:09+00:00,0,Twitter for iPhone,"Marcela Cubillos a Monica Rincon: ""¬°Que Pregunta M√°s Torcida!"" https://t.co/9NSd3pqgT8 v√≠a @YouTube"
PüÖ∞Ô∏ètriciüÖ∞Ô∏è üá®üá±üÖ∞Ô∏è,2022-08-16 18:39:21+00:00,5,Twitter for Android,@japalola Marcela Cubillos
Team_Dalealbo,2022-08-16 17:39:05+00:00,0,Twitter for iPhone,"Aqu√≠ vean en lo que est√° pendiente el se√±or Codina, anda minti√©ndole a las se√±oras de Puente alto y adem√°s est√° det‚Ä¶ https://t.co/VGUjylVua7"
Lucas Chavez Grille,2022-08-16 00:14:49+00:00,2,Twitter for iPhone,"@RodRettig No culpes al tecnicismo. No vaya ser que nos ‚Äúcansemos de los expertos‚Äù como dec√≠a Marcela Cubillos.

Ha‚Ä¶ https://t.co/K8bk5v3HkA"
Team_Dalealbo,2022-08-15 17:36:57+00:00,2,Twitter for iPhone,@CHVNoticias Estos son los mismos que andan entregando el libro de Marcela cubillosü§£
EnePixeles‚Ñ¢‚ûê,2022-08-15 12:48:03+00:00,0,Twitter for Android,"Las ratas como Marcela Cubillos (me tiene bloqueado) andan entregando a vecinos este libro con mentiras.
Yo transfo‚Ä¶ https://t.co/GadyhLHKXX"
Herman Aguirre Ayala,2022-08-15 03:49:40+00:00,11,Twitter for iPhone,@Amarillos_Chile @ipoduje @fernando_atria Como??  Est√°n en la misma vereda con aquellos que votaron SI. Marcela Cubillos por ejemplo.
Guillermo Monsalva,2022-08-15 00:29:57+00:00,0,Twitter Web App,@CNNChile Ni Marcela Cubillos se atrevi√≥ a tanto!!
Roberto Alejandro,2022-08-14 22:36:22+00:00,0,Twitter for Android,"JaAJJAJAJA la democracia es tiran√≠a, Las mismas palabra que usaba  la Marcela cubillos. Lo que molesta es la poca s‚Ä¶ https://t.co/SHNb5EEdBi"
Dokarmo Guerrero,2022-08-14 20:03:59+00:00,0,Twitter for Android,@Roccus_Herald @Monka_lover Puro amor de Ximena Rinc√≥n y Marcela Cubillos
Pancho #Apruebo4Septiembre UC,2022-08-14 14:05:04+00:00,2,Twitter for Android,@ximerincon @matiaswalkerp Ximena Marcela Rinc√≥n Cubillos https://t.co/BUXdmjcCNV
meli errazuriz lavalle üÖ∞Ô∏èüá®üá± #Merluzos,2022-08-14 06:12:54+00:00,78,Twitter Web App,marcela cubillos se equivoca y se pone la peluca de ximena rinc√≥n por error üòúüò≥üòÇ https://t.co/kzhlTaKkym
chata hasta no poder,2022-08-14 04:51:51+00:00,0,Twitter for iPhone,"Marcela Cubillos a Monica Rincon: ""¬°Que Pregunta M√°s Torcida!"" https://t.co/VivGYVRXp6 v√≠a @YouTube"
Jose Miguel Arcos,2022-08-13 20:25:54+00:00,49,Twitter for iPhone,"‚ÄúMarcela Ximena Cubillos Rinc√≥n‚Äù
üëá
La Metamorfosis de Kafka es un moco de pavo al lado del espeluznante espect√°culo‚Ä¶ https://t.co/t0cwCT0Bfe"
Batgirlüå≥,2022-08-13 16:56:12+00:00,2,Twitter for Android,"Cuando Marcela Cub√≠llos dice una cosa, siempre hace otra, es un escorpi√≥n ! Mejor q este fuera de Chile, un veneno‚Ä¶ https://t.co/29Emo2F1mP"
JCrisLopezB,2022-08-13 14:23:27+00:00,0,Twitter for Android,@charovargas_ Pero si t√∫ sector quer√≠a sacar la asignatura de Historia d los colegios con Marcela Cubillos como ministra de educaci√≥n ü§∑üèª‚Äç‚ôÇÔ∏è
Enrique,2022-08-13 13:06:24+00:00,1,Twitter for Android,"@FloMa292 @pagina19cl @PSChile @PPD_Chile @ADignidadCL Cual de todas? la √∫nica la perversa, la repugnante Marcela C‚Ä¶ https://t.co/Je9plC0h7v"
Partido Comunista ‚ò≠ - Las Condes,2022-08-13 03:51:15+00:00,1,Twitter for Android,"Imaginen el nivel de presupuesto de la ""caramelito de natre"" Marcela Cubillos, que regala libros de buena factura,‚Ä¶ https://t.co/K8nrvTbcBT"
Lorraine,2022-08-13 03:09:41+00:00,0,Twitter Web App,üìπ Denuncian que ex constituyente Marcela Cubillos entrega libros desinformando sobre la propuesta de‚Ä¶ https://t.co/pxE2HahsjR
Javier Gonzalez,2022-08-13 03:05:19+00:00,1,Twitter Web App,@ms_tomatican Para m√≠ deber√≠a ser una de las candidatas a saltar a cargo de ministra. Hasta Marcela Cubillos hablaba bien de ella....
Marcos Moya,2022-08-13 02:04:41+00:00,0,Twitter for Android,"@udipopular
 Que puede decir por la entrega de libros ideol√≥gico con la Constituci√≥n modificado de Marcela cubillos‚Ä¶ https://t.co/ANLD6mLL2f"
Alesito üè≥Ô∏è‚ÄçüåàAprueboNuevaConstituci√≥nüè≥Ô∏è‚Äçüåà,2022-08-12 21:08:18+00:00,0,Twitter for Android,"@mcubillossigall @ucatolica Cubillos, Marinovic y Hube de centro derecha. Mentirosa y corrupta es decirte poco. Cob‚Ä¶ https://t.co/pP6SeUB5z5"
Jos√© Miguel,2022-08-12 12:53:51+00:00,0,Twitter for Android,"@mcubillossigall Los que es malo para ""Marcela Cubillos y Rechazo UDI RN EVOPOLI: a nefasta cruenta y sangrienta Co‚Ä¶ https://t.co/gyCu4OGKuR"
Joaquin Meli,2022-08-12 03:51:40+00:00,202,Twitter for iPhone,Wn como que no estuvieron sobre representados los ind√≠genas en la Convenci√≥n? Marcela Cubillos sola sac√≥ m√°s votos‚Ä¶ https://t.co/PozoQ5OZgl
Rub√©n Sfeir Schiappacasse,2022-08-12 03:48:07+00:00,0,Twitter Web App,"@XimenaS10486604 Tenemos varios: Marcela Cubillos, Kate Montealegre, Eduardo Cretton, Bernardo Fontaine, Tere Marin‚Ä¶ https://t.co/JLK3TI6vGb"
Italo Neira,2022-08-12 00:25:37+00:00,302,Twitter for iPhone,"@mcubillossigall Otro gran aporte de Marcela Cubillos, como cuando"
J,2022-08-11 20:31:11+00:00,65,Twitter Web App,"El acuerdo no le gust√≥ al extremismo de centro, a Marcela Cubillos, al que mat√≥ al Peyuco, a Daniel Jadue ni a Daniel Stingo."
dofogeo,2022-08-11 19:37:20+00:00,0,Twitter Web App,@mcubillossigall marcela cubillos = üí©üí©
SilvanaBorquez üíú Yotecreo y Apruebosinmiedo,2022-08-11 17:23:19+00:00,2,Twitter for iPad,"@AleZooReload @FernandoLealA @Mister_Wolf_0 Bueno , sigo reflexionando .  Mientras Marcela Cubillos y similares se dan un fieston"
Deodaro,2022-08-11 17:17:42+00:00,0,Twitter Web App,"@lola161807 Marcela Cubillos inici√≥ su carrera pol√≠tica el 2000. Salvo Matthei, no hay otro. Y hasta por ah√≠ no m√°s‚Ä¶ https://t.co/e9I6K5ADTE"
gonzalo andres rojas,2022-08-20 15:11:52+00:00,0,Twitter Web App,Porque digo nuevamente esto porque los ex ministros de salud jaime ma√±alich enrique paris y la ex subsecretaria pau‚Ä¶ https://t.co/jRh2GScVMR
Juan Pudu,2022-08-20 02:53:14+00:00,13,Twitter for Mac,@aquiradiomoscu Ojo que la pagina en https://t.co/LT3Avqspxv esta a nombre de Jaime Gonz√°lez Kazazian. Abogado y es‚Ä¶ https://t.co/IHSCyeLGhZ
Pauta,2022-08-19 23:00:01+00:00,0,TweetDeck,"El exministro de Salud sostuvo que el fallo que suspende el alza de las isapres ""acelera la certidumbre financiera‚Ä¶ https://t.co/HlQegz1OFU"
Pauta,2022-08-19 16:03:00+00:00,0,TweetDeck,"El exministro de Salud calcula que un mill√≥n de personas beneficiarias de isapres que tiene enfermedades cr√≥nicas ""‚Ä¶ https://t.co/KJ64XDhVf7"
Pauta,2022-08-19 14:16:40+00:00,0,TweetDeck,"Ma√±alich: En noviembre de 2024 ""la industria de las isapres deber√≠a desaparecer del mapa""

El exministro dijo que e‚Ä¶ https://t.co/lbww18MW2I"
La Katu ‚ù§Ô∏è‚Äçüî•,2022-08-19 12:08:26+00:00,1,Twitter for iPhone,Jaime Ma√±alich defendiendo a las isapres? https://t.co/7ETjLYhQpX
Pauta,2022-08-19 11:58:18+00:00,8,TweetDeck,"Jaime Ma√±alich (@jmanalich), exministro de Salud: ""Estamos en una situaci√≥n grave desde el punto de vista sanitario‚Ä¶ https://t.co/ywjGrT9RAq"
Pauta,2022-08-19 11:47:37+00:00,7,TweetDeck,"@jmanalich Jaime Ma√±alich (@jmanalich), exministro de Salud: ""Este fallo acelera la certidumbre financiera y jur√≠di‚Ä¶ https://t.co/pC6cwSOuyr"
Pauta,2022-08-19 11:46:28+00:00,8,TweetDeck,"Fallo de la Corte Suprema ordena suspender alza de planes de isapres.

Jaime Ma√±alich (@jmanalich), exministro de S‚Ä¶ https://t.co/TbPMwYTGyl"
Pauta,2022-08-19 11:45:26+00:00,0,TweetDeck,"Fallo de la Corte Suprema ordena suspender alza de planes de Isapres.

Jaime Ma√±alich (@jmanalich), exministro de S‚Ä¶ https://t.co/9UBwetxuCf"
Sergio AC üá®üá± üá∫üá¶,2022-08-18 18:10:00+00:00,0,Twitter Web App,@jmanalich üëè alguna dda penal?...derecha despierta @joseantoniokast @DrEnriqueParis @pdazan @javiermacaya @chahuan‚Ä¶ https://t.co/U9KHjXCUGc
Agricultura,2022-08-18 13:44:26+00:00,26,TweetDeck,"Jaime Ma√±alich afirma que pandemia est√° ""desatendida"" por la agenda pol√≠tica: ""Se est√° haciendo mucho peor que en e‚Ä¶ https://t.co/PE5fiOFr0N"
Mario luis,2022-08-14 00:15:42+00:00,0,Twitter for iPhone,"@FranfiiVale Uds fueron por Andr√©s chadwic, V√≠ctor P√©rez, Jaime Ma√±alich, Fabian guevara, Ra√∫l Palacios y Sebasti√°n‚Ä¶ https://t.co/sn03v3qyp5"
Vicente Bull,2022-08-12 13:50:22+00:00,0,Twitter Web App,"@Guaton_10 Fernando Villegas, Jaime Ma√±alich, Loreto Aravena, Camila Gallardo, Mariana Di Girolamo, Pamela Giles, J‚Ä¶ https://t.co/iWcU1ob83K"
